81,FOREMAN: NO. 6?,NO. 6: Not guilty.,FOREMAN: NO. 7?,NO. 7: Guilty.,"GUARD: Is there anything wrong, gentlemen? I heard some noise.",FOREMAN: NO. 8?,2
82,NO.8: Not guilty.,FOREMAN: NO. 9?,NO.9: Not guilty. .,FOREMAN: NO. 10?,NO. 10: Guilty.,NO. 3: What do you mean? It's just common sense.,1
83,FOREMAN: NO.11?,NO.11: Not guilty.,FOREMAN: NO. 12?,NO.12: Guilty.,"NO. 11: I beg your pardon. Maybe you don't understand the term ""reasonable doubt.”",NO.4: Six to six.,2
84,NO.10 (mad) I’ll tell you something. The crime is being committed right in this room.,FOREMAN: The vote is six to six.,"NO. 3: I'm ready to walk into court right now and declare a hung jury. There's no point in this going on any
more.","NO. 7: I go for that, too. Let's take it in to the judge and let the kid take his chances with twelve other guys.","[NO. 4 sits silently. NO. 3 looks at him, and then he strides over to NO. 8]",NO. 5: (to NO. 7). You mean you still don't think there's room for reasonable doubt?,2
85,"NO. 7: No, I don't.","NO. 11: I beg your pardon. Maybe you don't understand the term ""reasonable doubt.”","NO. 7: (angry). What do you mean I don't understand it? Who do you think you are to talk to me like that? (To
all) How do you like this guy? He comes over here running for his life, and before he can even take a big breath
he's telling us how to run the show. The arrogance of him!",NO. 5: (to NO. 7). Wait a second. Nobody around here's asking where you came from.,NO. 7: I was born right here.,"GUARD: Is there anything wrong, gentlemen? I heard some noise.",1
86,"NO. 5: Or where your father came from. (He looks at NO. 7, who doesn't answer but looks away.) Maybe it
wouldn't hurt us to take a few tips from people who come running here! Maybe they learned something we don't
know. We're not so perfect!",NO. 11: Please—I am used to this. It's all right. Thank you.,NO.5: It's not all right!,"NO. 7: Okay, okay, I apologize. Is that what you want?",NO. 5: That's what I want.,"[NO. 8 puts his hand on NO. 9's arm and stops him. Somehow his touch and his gentle expression calm the old
man. He draws a deep breath and relaxes.]",1
87,FOREMAN: All right. Let's stop the arguing. Who's got something constructive to say?,"NO.2: (hesitantly). Well, something's been bothering me a little . . . this whole business about the stab wound
and how it was made, the downward angle of it, you know?",NO. 3: Don't tell me we're gonna start that. They went over it and over it in court.,"NO. 2: I know they did—but I don't go along with it. The boy is five feet eight inches tall. His father was six
two. That's a difference of six inches. It's a very awkward thing to stab down into the chest of someone who's
half a foot taller than you are.","[NO. 3 jumps up, holding the knife.]",NO. 7: Who says it's easy for me?,1
88,"NO. 3: Look, you're not going to be satisfied till you see it again. I'm going to give you a demonstration.
Somebody get up.","[He looks around the table. NO. 8 stands up and walks toward him. NO. 3 closes the knife and puts it in his
pocket. They stand face to face and look at each other for a moment.]","NO. 3: Okay. (To NO. 2) Now watch this. I don't want to have to do it again. (He crouches down now until he is
quite a bit shorter than NO. 8) Is that six inches?",NO. 12: That's more than six inches.,NO. 3: That's what I mean. That's the whole case.,"NO. 3: Okay, let it be more.",2
89,"[He reaches into his pocket and takes out the knife. He flicks it open, changes its position in his hand, and holds
the knife aloft, ready to stab. He and NO. 8 look steadily into each other's eyes. Then he stabs downward,
hard.]",NO. 2: (shouting). Look out!,[He stops short just as the blade reaches NO. 8's chest. NO. 3 laughs],NO. 6: That's not funny.,"NO. 7: Yeah, let's stick to the subject. (To NO. 5) I want to ask you what made you change your vote.",NO. 5: What's the matter with you?,2
90,"NO. 3: Now just calm down. Nobody's hurt, are they?","NO. 8: (low). No, nobody's hurt.","NO. 3: All right. There's your angle. Take a look at it. Down and in. That's how I'd stab a taller man in the
chest, and that's how it was done. Take a look at it and tell me I'm wrong.","[NO. 2 doesn't answer. NO. 3 looks at him for a moment, then jams the knife into the table and sits down. They
all look at the knife.]","NO. 6: Down and in. I guess there's no argument.
[NO. 8 picks the knife out of the table and closes it. He flicks it open, and changing its position in his hand,
stabs downward with it.]",FOREMAN: NO. 9?,1
91,NO. 8: (to NO. 6). Did you ever stab a man?,NO. 6: Of course not.,NO. 8: (to NO. 3). Did you?,"NO. 3: All right, let's not be silly.",NO. 3: (to NO. 8). What are you doing?,NO. 8: Did you?,2
92,"NO. 3: (loudly). No, I didn't!",NO. 8: Where do you get all your information about how it's done?,NO. 3: What do you mean? It's just common sense.,NO. 8: Have you ever seen a man stabbed?,NO. 4: 1 can't understand a word in here. Why do we all have to talk at once?,NO. 3: (pauses and looks around the room nervously) No.,2
93,"NO. 8: All right. I want to ask you something. The boy was an experienced knife fighter. He was even sent to
reform school for knifing someone, isn't that so?",NO. 12: That's right.,"NO. 8: Look at this. (NO.8 closes the knife, flicks it open, and changes the position of the knife so that he can
stab over-handed.) Doesn't it seem like an awkward way to handle a knife?",NO. 3: What are you asking me for?,NO. 5: (to NO. 7). You mean you still don't think there's room for reasonable doubt?,"[NO. 8 closes the blade and flicks it open, holds it ready to slash underhanded.]",2
94,NO. 5: Wait a minute! What's the matter with me? Give me that.,[He reaches out for the knife.],NO. 8: Have you ever seen a knife fight?,"NO. 5: Yes, I have.",NO. 8: In the movies?,NO. 8: (to NO. 3). Did you?,1
95,"NO. 5: In my back yard, on my stoop, in the vacant lot across the street, too many of them. Switch knives came
with the neighborhood where I lived. Funny I didn't think of it before. I guess you try to forget those things.
(Flicking the knife open) Anyone who's ever used a switch knife would never have stabbed downward. You
don't handle a switch knife that way. You use it underhanded.","NO. 8: Then he couldn't have made the kind of wound, which killed his father.","NO. 5: No, he couldn't have. Not if he'd ever had any experience with switch knives.",NO. 3:1 don't believe it.,NO. 10: Neither do 1. You're giving us a lot of mumbo jumbo.,NO. 10: You know it's possible.,1
96,NO.8: (to NO. 12). What do you think?,NO. 12: (hesitantly). Well . . . I don't know.,NO. 8: (to NO.7). What about you?,"NO. 7: Listen, I'll tell you something. I'm a little sick of this whole thing already. We're getting nowhere fast.
Let's break it up and go home. I'm changing my vote to not guilty.",NO. 10: All right. Forget it. It don't mean anything.,NO. 3: You're what?,2
97,NO. 7: You heard me. I've had enough.,NO. 3: What do you mean; you've had enough? That's no answer.,"NO. 11: (angry). I think perhaps you're right. This is not an answer. (To NO.7) What kind of a man are you?
You have sat here and voted guilty with everyone else because there are some theater tickets burning a hole in
your pocket. Now you have changed your vote for the same reason. I do not think you have the right to play like
this with a man's life. This is an ugly and terrible thing to do.",NO.7: Now wait a minute… you can't talk like that to me.,"NO. 11: (strong). I can talk like that to you! If you want to vote not guilty, then do it because you are convinced
the man is not guilty. If you believe he is guilty, then vote that way. Or don't you have the . . . the . . . guts—the
guts to do what you think is right?",NO. 3: You're what?,1
98,NO.7: Now listen....,NO. 11: 1s it guilty or not guilty?,NO. 7: (hesitantly). I told you. Not guilty.,NO. 11: (hard). Why?,NO.7.1 don't have to,NO. 4: The boy admits going out of his house at eight o'clock after being slapped by his father.,1
99,NO. 11.You have to! Say it! Why?,[They stare at each other for a long while.],NO.7: (low) l... don't think . . . he's guilty.,"NO. 8: (fast). I want another vote.
FOREMAN: Okay, there's another vote called for. I guess the quickest way is a show of hands. Anybody
object? (No one does.) All right. All those voting not guilty, raise your hands.","[Numbers 2, 5, 6, 7, 8, 9, and 11 raise their hands immediately. Then, slowly NO.12 raises his hand. The
foreman looks around the table carefully, and then he too raises his hand. He looks around the table, counting
silently.]","NO. 8: The old man heard the boy say, ""I'm going to kill you,"" and one second later he heard a body fall. One
second. That's the testimony, right?",1
100,FOREMAN: Nine. (The hands go down.) All those voting guilty.,"[Numbers 3, 4, and 10 raise their hands.]",FOREMAN:Three. (They lower their hands.) The vote is nine to three in favor of acquittal.,"NO.10: I don't understand you people. How can you believe this kid is innocent? Look, you know how those
people lie. l don't have to tell you. They don't know what the truth is. And lemme tell you, they— (NO.5 gets up
from table, turns his back to it, and goes to window.)—don't need any real big reason to kill someone either.
You know, they get drunk, and bang, someone's lying in the gutter. Nobody's blaming them. That's how they
are. You know what I mean? Violent!",[NO.9 gets up and does the same. He is followed by NO.11],NO. 8: (to NO. 5). Do you think he lied?,1
101,"NO.10: Human life don't mean as much to them as it does to us. Hey, where are you going? Look, these people
are drinking and fighting all the time, and if somebody gets killed, so somebody gets killed. They don't care.
Oh, sure, there are some good things about them, too. Look, I'm the first to say that.","[NO. 8 gets up, and then NO. 2 and NO. 6 follow him to the window.]","NO.10: I've known a few who were pretty decent, but that's the exception. Most of them; it's like they have no
feelings. They can do anything. What's going on here?","[The foreman gets up and goes to the windows, followed by NO. 7 and NO. 12:]",NO. 8: (calmly) Our fingers. Are you his executioner?,"NO.10:.1'm speaking my piece, and you listen to me! They're no good. There's not a one of ‘em who's any
good. We better watch out. Take it from me. This kid on trial....",2
102,"[NO. 3 sits at table toying with the knife, and NO. 4 gets up and starts for the window. All have their backs to
NO.10.]","NO.10: Well, don't you know about them? Listen to me! What are you doing? I'm trying to tell you
something....",[NO. 4 stands over him as he trails off. There is a dead silence. Then NO. 4 speaks softly.],"NO. 4: I've had enough. If you open your mouth again, I'm going to split your skull.",NO. 9: That's right. Bifocals. She never took them off.,"[NO. 4 stands mere and looks at him. No one moves or speaks. NO. 10 looks at him, then looks down at the
table.]",2
103,NO. 10: (softly). I'm only trying to tell you....,[There is a long pause as NO. 4 stares down at NO. 10:],NO. 4: (to all). All right. Sit down everybody.,"[They all move back to their seats. When they are all seated, NO. 4 then sits down.]","NO. 3: I'm ready to walk into court right now and declare a hung jury. There's no point in this going on any
more.","NO. 4: (quietly). I still believe the boy is guilty of murder. I'll tell you why. To me, the most damning evidence
was given by the woman across the street who claimed she actually saw the murder committed.",2
104,"NO. 3: That's right. As far as I'm concerned, that's the most important testimony.",NO. 8: All right. Let's go over her testimony. What exactly did she say?,"NO. 4: I believe I can recount it accurately. She said that she went to bed at about eleven o'clock that night. Her
bed was next to the open window, and she could look out of the window while lying down and see directly into
the window across the street. She tossed and turned for over an hour, unable to fall asleep. Finally she turned
toward the window at about twelve ten and as she looked out, she saw the boy stab his father. As far as I can
see, this is unshakable testimony.",NO. 3: That's what I mean. That's the whole case.,"[NO. 4 takes off his eyeglasses and begins to polish them, as they all sit silently watching him.]","NO. 10: I don't mind telling you this, mister. We don't owe him a thing. He got a fair trial, didn't he? You know
what that trial cost? He's lucky he got it. Look, we're all grownups here. You're not going to tell us that we're
supposed to believe him, knowing what he is. I've lived among 'em all my life. You can't believe a word they
say. You know that.",1
105,"NO. 4: (to the jury). Frankly, I don't see how you can vote for acquittal. (To NO. 12) What do you think about
it?",NO. 12: Well . . . maybe . . . there's so much evidence to sift.,"NO. 3: What do you mean, maybe? He's absolutely right. You can throw out all the other evidence.",NO. 4: That was my feeling.,NO. 8: I'm sorry for you.,"[NO. 2, polishing his glasses, squints at clock ,but can' t see it. NO. 6 watches him closely.]",2
106,NO. 2: What time is it?,NO. 11: Ten minutes of six.,NO. 2: It's late. You don't suppose they'd let us go home and finish it in the morning. I've got a kid with mumps.,NO. 5: Not a chance.,FOREMAN: NO. 10?,NO. 6: (to NO. 2). Pardon me. Can't you see the clock without your glasses?,2
107,NO. 2: Not clearly. Why?,"NO. 6: Oh, I don't know. Look, this may be a dumb thought, but what do you do when you wake up at night and
want to know what time it is?",NO. 2: What do you mean? I put on my glasses and look at the clock.,NO. 6: You don't wear them to bed.,NO. 2: Of course not. NO. one wears eyeglasses to bed.,NO. 8: Does anyone think there still is not a reasonable doubt?,1
108,NO. 12: What's all this for?,"NO. 6: Well, I was thinking. You know the woman who testified that she saw the killing wears glasses.",NO. 3: So does my grandmother. So what?,NO. 8: Your grandmother isn't a murder witness.,"NO. 6: Look, stop me if I'm wrong. This woman wouldn't wear her eyeglasses to bed, would she?",NO. 8: I don't know. It doesn't sound right to me.,1
109,FOREMAN: Wait a minute! Did she wear glasses at all? I don't remember.,"NO. 11: (excited). Of course she did! The woman wore bifocals. I remember this very clearly. They looked
quite strong.",NO. 9: That's right. Bifocals. She never took them off.,NO. 4: She did wear glasses. Funny. I never thought of it.,"NO. 8: Listen, she wasn't wearing them in bed. That's for sure. She testified that in the midst of her tossing and
turning she rolled over and looked casually out the window. The murder was taking place as she looked out, and
the lights went out a split second later. She couldn't have had time to put on her glasses. Now maybe she
honestly thought she saw the boy kill his father. I say that she saw only a blur.","NO. 8: An el takes ten seconds to pass a given point or two seconds per car. That el had been going by the old
man's window for at least six seconds and maybe more, before the body fell, according to the woman. The old
man would have had to hear the boy say, ""I'm going to kill you,"" while the front of the el was roaring past his
nose. It's not possible that he could nave heard it.",1
110,NO. 3: How do you know what she saw? Maybe she's far-sighted.,[He looks around. No one answers.],NO. 3: (loudly). How does he know all these things?,[There is silence.],NO. 8: Or punched.,NO. 8: Does anyone think there still is not a reasonable doubt?,2
111,"[He looks around the room, then squarely at NO. 10. NO. 10 looks down and shakes his head no]",NO. 3: (loudly). I think he's guilty!,NO. 8: (calmly). Does anyone else?,NO. 4: (quietly). No. I'm convinced.,"NO. 4: (to NO. 8). This knife is a pretty strong piece of evidence, don't you agree?",NO. 8: (to NO. 3). You're alone.,2
112,NO. 3: I don't care whether I'm alone or not! I have a right.,"NO. 8: You have a right.
[There is a pause. They all look at NO. 3:]","NO. 3: Well, I told you I think the kid's guilty. What else do you want?",NO. 8: Your arguments.,[They all look at NO. 3:],NO. 8: Where do you get all your information about how it's done?,1
113,NO. 3: I gave you my arguments.,NO. 8: We're not convinced. We're waiting to hear them again. We have time.,[NO. 3 runs to NO. 4 and grabs his arm.],"NO. 3: (pleading). Listen. What's the matter with you? You're the guy. You made all the arguments. You can't
turn now. A guilty man's gonna be walking the streets. A murderer. He's got to die! Stay with me.",NO. 4: I'm sorry. There's a reasonable doubt in my mind.,NO. 5: Not a chance.,1
114,NO. 8: We're waiting.,[NO. 3 turns violently on him.],"NO. 3: (shouting). Well, you're not going to intimidate me! (They all look at NO. 3.) I'm entitled to my opinion!
(No one answers him.) It's gonna be a hung jury! That's it!","NO. 8: There's nothing we can do about that, except hope that some night, maybe in a few months, you'll get
some sleep.",NO. 12: What's all this for?,NO. 5: You're all alone.,2
64,"MR. MARTIN: I knew that third wife, if I'm not mistaken. She ate chicken sitting on a hornet's nest.",FIRE CHIEF: It's not the same one.,MRS. SMITH: Shh!,"FIRE CHIEF: As I was saying. ..whose third wife was the daughter of the best midwife in the region and who, earlyleft a widow...",MR. SMITH: Like my wife.,"FIRE CHIEF: Oh, not even that. A straw fire and a little heartburn.",1
65,MRS. SMITH: His britches?MR.MARTIN: No his bridge game.,"FIRE CHIEF: And had married an oyster woman, whose father had a brother, mayor of a small town, who had taken ashis wife a blonde schoolteacher, whose cousin, a fly fisherman....",MR. MARTIN: A fly by night?,"FIRE CHIEF: Had married another blonde schoolteacher, named Marie, too, whose brother was married to anotherMarie, also a blonde schoolteacher. ..",MR. MARTIN [to the Fire Chief]: But the third time--it was not you who rang?,"MR. SMITH: Since she's blonde, she must be Marie.",2
66,MRS. SMITH: A curious story. Almost unbelievable.,"MR. MARTIN: If you catch a cold, you should get yourself a colt.","MR. SMITH: It's a useless precaution, but absolutely necessary.","MRS. MARTIN: Excuse me, Mr. Fire Chief, but I did not follow your story very well. At the end, when we got to thegrandmother of the priest, I got mixed up.",MR. SMITH: One always gets mixed up in the hands of a priest.,FIRE CHIEF: There's nothing doing there. He is insured against fires.,1
67,"FIRE CHIEF: Ah, I don't know whether I'll be able to. I'm on official business. It depends on what time it is.","MRS. SMITH: We don't have the time, here.",FIRE CHIEF: But the clock?,"MR. SMITH: It runs badly. It is contradictory, and always indicates the opposite of what the hour really is.[Enter Mary.]",MARY: I'm so glad to see you again. ..at last!MR. AND MRS. SMITH: Oh!,MARY: Madam... sir. ..,2
68,MR. SMITH: What have you come in here for?,"MARY: I hope, madam and sir will excuse me ...and these ladies and gentlemen too. ..I would like. ..I would like ...totell you a story, myself.",MRS. MARTIN: What is she saying?,"MR. MARTIN: I believe that our friends' maid is going crazy ...she wants to tell us a story, too.   .",MR. MARTIN: That's because I wasn't there yet. ..,FIRE CHIEF: Who does she think she is? [He looks at her.] Oh!,2
69,"MR. SMITH: This is really uncalled for, Mary. ..",FIRE CHIEF: Oh! But it is she! Incredible!,MR. SMITH: And you?,MARY: Incredible! Here!,MRS. SMITH: What does all this mean?,"MR. SMITH: Goodness, someone is ringing.",1
70,FIRE CHIEF: And how![Mary throws herself on the neck of the Fire Chief.],MARY: I'm so glad to see you again. ..at last!MR. AND MRS. SMITH: Oh!,"MR. SMITH: This is too much, here, in our home, in the suburbs of London.",MRS. SMITH: It's not proper! ...,FIRE CHIEF: It was she who extinguished my first fires.,MRS. SMITH: A curious story. Almost unbelievable.,1
71,"MR. MARTIN: If that is the case. ..dear friends. ..these emotions are understandable, human, honorable...",MRS. MARTIN: All that is human is honorable.,"MRS. SMITH: Even so, I don't like to see it ...here among us...",MR. SMITH: She's not been properly brought up. ..,MR. MARTIN: And yet there’s a certain warmth in those lines…,"FIRE CHIEF: Oh, you have too many prejudices.",2
72,MR. MARTIN: Even if she can sometimes be a rather good detective.,FIRE CHIEF: Let me go.,MARY: Don't be upset! ...They're not so bad really.,"MR. SMITH: Hm. ..hm ...you two are very touching, but at the same time, a little. ..a little. ..","MR. MARTIN: Yes, that's exactly the word.",MR. SMITH: He's right.,1
73,"MR. MARTIN: There is a native British modesty-forgive me for attempting, yet again, to define my thought-notunderstood by foreigners, even by specialists, thanks to which, if I may thus express myself...of course, I don't mean torefer to you...",MARY: I was going to tell you...,MR. SMITH: Don't tell us anything...,MARY: Oh yes!,"MRS. SMITH: Go, my little Mary, go quietly to the kitchen and read your poems before the mirror…",MRS. SMITH: It was in all the papers.,1
74,MRS. MARTIN: This morning when you looked at yourself in the mirror you didn't see yourself.,MR. MARTIN: That's because I wasn't there yet. ..,"MARY: All the same, I could, perhaps, recite a little poem for you.","MRS. SMITH: My little Mary, you are frightfully obstinate.","MARY: I'm going to recite a poem, then, is that agreed? It is a poem entitled ""The Fire"" in honor of the Fire Chief:                                                      The Fire                                       The polypoids were burning in the wood                                                 A stone caught fire                                                The castle caught fire                                                The forest caught fire                                                The men caught fire                                               The women caught fire                                                The birds caught fire                                                 The fish caught fire                                                The water caught fire                                                 The sky caught fire                                                The ashes caught fire                                               The smoke caught fire                                                 The fire caught fire                                               Everything caught fire![She recites the poem while the Smiths are pushing her offstage]",MRS. SMITH: I don't know enough Spanish to make myself understood.*In English in the original.— Translator's note.,1
75,MR. MARTIN: And yet there’s a certain warmth in those lines…,FIRE CHIEF: I thought it was marvelous.,MRS. SMITH: All the same….,MR. SMITH: You’re exaggerating….,"FIRE CHIEF: Just a minute …. I admit….all this is very subjective….but this is my conception of the world. Myworld. My dream. My ideal….And now this reminds me that I must leave. Since you don’t have the time here, I musttell you that in exactly three-quarters of an hour and sixteen minutes, I’m having a fire at the other end of the city.Consequently, I must hurry. Even though it will be quite unimportant.","FIRE CHIEF: I can't do that either. He's not English. He's only been naturalized. And naturalized citizens have theright to have houses, but not the right to have them put out if they're burning.",1
76,"FIRE CHIEF: Oh, not even that. A straw fire and a little heartburn.","MR. SMITH: Well, we’re sorry to see you go.MRS SMITH: You have been very entertaining.","MRS. MARTIN: Thanks to you, we have passed a truly Cartesian quarter of an hour.","FIRE CHIEF [moving towards the door, then stopping]: Speaking of that----the bald soprano? [General silence,embarrassment.]",MR. SMITH: I've been goosed.,MRS. SMITH: She always wears her hair in the same style.,2
77,"MR. MARTIN: Good luck, and a good fire!",FIRE CHIEF: Let’s hope so. For everybody.[Fire Chief exits. All accompany him to the door and then return to their seats.],"MRS. MARTIN: I can buy a pocketknife for my brother, but you can't buy Ireland for your grandfather.","MR. SMITH: One walks on his feet, but one heats with electricity or coal.","MR. MARTIN: He who sells an ox today, will. have an egg tomorrow.",MR. MARTIN: That's not impossible.,1
78,"MRS. MARTIN: One can sit down on a chair, when the chair doesn't have any.",MR. SMITH: One must always think of everything.,"MR. MARTIN: The ceiling is above, the floor is below.","MRS. SMITH: When I say yes, it's only a manner of speaking.",MRS. MARTIN: To each his own.,MRS. SMITH: Did you go to see the match dealer?,1
79,"MRS. SMITH: A schoolmaster teaches his pupils to read, but the cat suckles her young when they are small.","MRS. MARTIN: Nevertheless, it was the cow that gave us tails.","MR. SMITH: When I'm in the country, I love the solitude and the quiet.",MR. MARTIN: You are not old enough yet for that.,"MR. SMITH: We didn't do it on purpose.* In Nicolas Bataille's production, Mrs. Smith did not show her teeth, nor.did she throw the socks very far.",MRS. SMITH: Benjamin Franklin was right; you are more nervous than he.,2
80,"MR. SMITH: Monday, Tuesday, Wednesday, Thursday, Friday, Saturday, Sunday.*","MR. MARTIN: Edward is a clerck; his sister Nancy is a typist, and his brother William a shop-assistant. *",MRS. SMITH: An odd family!,MRS. MARTIN: I prefer a bird in the bush to a sparrow in a barrow.,MRS. SMITH: Way!,MR. SMITH: Rather a steak in a chalet than gristle in a castle.,2
81,MRS. SMITH: I don't know enough Spanish to make myself understood.*In English in the original.— Translator's note.,MRS. MARTIN: I'll give you my mother-in-law's slippers if you'll give me your husband's coffin.,MR. SMITH: I'm looking for a monophysite priest to marry to our maid.,"MR. MARTIN: Bread is a staff, whereas bread is also a staff, and an oak springs from an oak every morning at dawn.","MRS. SMITH: My uncle lives in the country, but that's none of the midwife's business.",MARY: I was going to tell you...,1
82,"MRS. SMITH: The car goes very fast, but the cook beats batter better.",MR. SMITH: Don't be turkeys; rather kiss the conspirator.,MR. MARTIN: Charity begins at home.,MRS. SMITH: I'm waiting for the aqueduct to come and see me at my windmill.,MRS. SMITH: I don't know enough Spanish to make myself understood.*In English in the original.— Translator's note.,MR. MARTIN: One can prove that social progress is definitely better with sugar.,2
83,MR. MARTIN: One doesn't polish spectacles with black wax.,"MRS. SMITH: Yes, but with money one can buy anything.",MR. MARTIN: I'd rather kill a rabbit than sing in the garden.,"MR. SMITH: Cockatoos, cockatoos, cockatoos, cockatoos, cockatoos, cockatoos, cockatoos, cockatoos, cockatoos,cockatoos.*In English in the original.- Translator's note.","MRS. SMITH: Such caca, such caca, such caca, such caca, such caca, such caca, such caca, such caca, such cacao","MRS. SMITH: Well, this is how it was. It is difficult for me to speak openly to you, but a fireman is also a confessor.",1
84,"MR. SMITH: Dogs have fleas, dogs have fleas.","MRS. MARTIN: Cactus, coccyx! crocus! cockaded! cockroach!","MRS. SMITH: Incasker, you incask us.",MR. MARTIN: I'd rather lay an egg in a box than go and steal an ox...,"MRS. SMITH: Yes, but with money one can buy anything.",MRS. MARTIN [opening her mouth very wide]: Ah! oh! ah! oh! Let me gnash my teeth.,2
85,MR. MARTIN: Let's go and slap Ulysses.,MR. SMITH: I'm going to live in my cabana among my cacao trees.,"MRS. MARTIN: Cacao trees on cacao farms don't bear coconuts, they yield cocoa! Cacao trees on cacao farms don'tbear coconuts, they yield cocoa! Cacao trees on cacao farms don't bear coconuts, they yield cocoa.","MRS. SMITH: Mice have lice, lice haven't mice.","MR. MARTIN: Bizarre, beaux-arts, brassieres!",MRS. MARTIN: Don't ruche my brooch!,2
86,"MR. SMITH: Groom the goose, don't goose the groom.",MRS. MARTIN: The goose grooms.,MRS. SMITH: Groom your tooth.,"MR. MARTIN: Groom the bridegroom, groom the bridegroom.",MR. SMITH: Seducer seduced!MRS. MAR TIN: Scaramouche!,MARY: I'm your little fire hose.,1
87,MR. MARTIN: Go take a douche.,MR. SMITH: I've been goosed.,MRS. MARTIN: Sainte-Nitouche stoops to my cartouche.,"MRS. SMITH: ""Who'd stoop to blame? ...and I never choose to stoop.""",MRS. MARTIN: To each his own.,MR. MARTIN: Robert!,2
88,"MRS. MARTIN, MR. SMITH: Rudyard.","MRS. SMITH, MR. MARTIN: Kipling.","MRS. MARTIN, MR. SMITH: Robert Kipling!","MRS. SMITH, MR. MARTIN: Rudyard Browning..","MRS. MARTIN: Silly gobblegobblers, silly gobblegobblers.",MR. SMITH: You know each other?,1
89,"MRS. SMITH: Krishnamurti, Krishnamurti, Krishnamurti!",MR. SMITH: The pope elopes! The pope's got no horoscope. The horoscope's bespoke.,"MRS. MARTIN: Bazaar, Balzac, bazooka!","MR. MARTIN: Bizarre, beaux-arts, brassieres!","MRS. SMITH: a,e,i,o,u, a,e,i,o,u, a,e,i,o,u, i!",MRS. MARTIN: Never. It is only the first three times that count.,1
90,"MR. MARTIN: From sage to stooge, from stage to serge!","MRS. SMITH [imitating a train]: Choo, choo, choo, choo, choo, choo, choo, choo, choo, choo, choo!",MR. SMITH: It's!,MRS. MARTIN: Not!,MRS. SMITH: Are you referring to Bobby Watson the commercial traveler?,MR. MARTIN: That!,2
91,MR. SMITH: It's!,MRS. MARTIN: O!,MR. MARTIN: Ver!,"MRS. SMITH: Here![All together, completely infuriated, screaming in each others' ears. The light is extinguished. In the darkness we hear,in an increasingly rapid rhythm:]*Translator's note: in the French text these speeches read as follows:MRS SMITH.—N'y touchez pas, elle est brisee.","MARY [bursts into laughter, then she bursts into tears. Then she smiles]: I bought me a chamber pot.",MR. MARTIN.—Sully!,2
183,"BENNY
Persuade him not to be so counterproductive","ROGER
Liar","BENNY
Why not tell them what you wore to my place?","MIMI
I was on my way to work","BENNY
Black leather and lace
My desk was a mess
I think I'm still sore","MARK
Maureen Johnson, back from her spectacular one-night engagement at the
eleventh street lot, 
Will sing native american tribal chants backwards through her vocoder, 
While accompanying herself on the electric cello 
Which she has never studied",1
184,"MIMI
Cause I kicked him and told him I wasn't his whore","BENNY
Does your boyfriend know
Who your last boyfriend was?","ROGER
I'm not her boyfriend
I don't care what she does","ANGEL
People! Is this any way to start a new year?
Have compassion
Benny just lost his cat",(The phone rings in the loft. MARK picks it up),"BENNY
My dog- but I appreciate that",2
185,"ANGEL
My cat had a fall
And I went through hell","BENNY
It's like losing a 
How did you know that she fell?","COLLINS
(Hands BENNY a glass of champagne)
Champagne?","BENNY
Don't mind if I do
To dogs!","ROGER
She died, Her name was April","ALL BUT BENNY
No, Benny- To you!",2
186,"ANGEL
Let's make a resolution","MIMI
I'll drink to that","COLLINS
Let's always stay friends","JOANNE
Tho' we may have our disputes","MAUREEN
This family tree's got deep roots","(The COMPANY bursts into a flurry of movemen. Then everyone except
MARK and ROGER freezes in a group upstage)",1
187,"MARK
Friendship is thicker than blood","ROGER
That depends","MIMI
Depends on trust","ROGER
Depends on true devotion",(into pay phone),"JOANNE
Depends on love",2
188,"MARK (to ROGER)
Depends on not denying emotion","ROGER
Perhaps","ALL
It's gonna be a happy new year","ROGER
I guess","ALL
It's gonna be a happy new year","GROUP A (ROGER, MARK, JOANNE, BENNY)
Hot-hot-hot-sweat-sweet
Wet-wet-wet-red-heat
Hot-hot-hot-sweat-sweet
Wet-wet-wet-red-heat
Please don't stop please
Please don't stop stop
Stop stop stop don't
Please please please please
Hot-hot-hot-sweat-sweet
Wet-wet-wet-red-heat
Sticky-licky-trickle-tickle
Steamy-creamy-stroking-soaking",1
189,"ROGER
You're right","(ANGEL brings ROGER and MIMI together. ANGEL and others move
away from MIMI and ROGER)","ANGEL
It's gonna be a happy new year","ROGER & MIMI
I'm sorry","ROGER
Coming?","MARK & ROGER
And feel the heat of the future's glow",1
190,"MIMI
In a minute I'm fine go",(ROGER kisses MIMI and exits. THE MAN appears),"THE MAN
Well, well, well. What have we here?","(He walks over to MIMI and holds out a small plastic bag of white
powder)","BENNY
He doesn't act like he's with you","It's gonna be a happy new year
There, there...etc.",2
191,(Fade out),TAKE ME OR LEAVE ME (Any location and Joanne's loft) ,"MARK
Valentine's Day.Pan across the empty lot. Roger's down at Mimi's, where
he's been for almost two months now - although he keeps talking about
selling his guitar and heading out of town...Still jealous of Benny... God knows
where Collins and Angel are...Could be that new Shanty Town near the river
or a suite at the Plaza...Maureen and Joanne are rehearsing...","JOANNE
I said once more from the top","MAUREEN
I said NO!","MARK
Touche. Take your AZT
Close on Roger
His girlfriend April
Left a note saying ""We've got AIDS""
Before slitting her wrists in the bathroom
I'll check up on you later - Change your mind. You have to get out of the
house.",1
192,"MARK
That is, if they're speaking this week. Me? I'm here. Nowhere",(Lights up on the scene),"JOANNE
The line is 'Cyber Arts and its corporate sponsor, Grey Communications,
would like to mitigate the Christmas Eve riots.' What is so difficult...?","MAUREEN
It just doesn't roll off my tongue. I like my version.!","COLLINS
It's a sham","JOANNE
You - dressed as a ground hog. To protest the ground breaking!",2
193,"MAUREEN
It's a METAPHOR!","JOANNE
Well, it's less than brilliant!","MAUREEN
That's it, Ms. Ivy League!","JOANNE
What?","MAUREEN
Ever since New Year's, I haven't said boo. I let you direct, I didn't pierce my
nipples because it grossed you out! I didn't sta and dance at the Clit Club that
night, 'cause you wanted to go home","COLLINS
My friends are waiting ",1
194,"JOANNE
You were flirting with the woman in rubber","MAUREEN
That's what this is about!? There will always be women in rubber, flirting with
me... Gimme a break
Every single day
I walk down the street
I hear people say,
""Baby's so sweet""
Ever since puberty
Everybody stares at me
Boys - girls
I can't can't help it baby
So be kind
Don't lose your mind
Just remember that I'm your baby
Take me for what I am
Who I was meant to be
And if you give a damn
Take me baby or leave me
Take me baby or leave me
A tiger in a cage
Can never see the sun
This diva needs her stage
Baby - let's have fun!
You are the one I choose
Folks'd kill to fill your shoes
You love the limelight too, baby
So be mine
Or don't waste my time
Cryin' -- ""Honeybear -- are you still my baby?""
Take me for what I am
Who I was meant to be
And if you give a damn
Take me baby or leave me
No way can I be what I'm not
But hey don't you want your girl hot!
Don't fight don't lose your head
Cause every night who's in your bed?
Who's in your bed, baby?",(Pouts in JOANNE's direction),"Kiss, Pookie",YOUR EYES ,"JOANNE
It won't work
I look before I leap
I love margins and discipline
I make lists in my sleep
Baby what's my sin?
Never quit I follow through
I hate mess but I love you
What to do
With my impromptu baby?
So be wise
This girl satisfies
You've got a prize
But don't compromise
You're one lucky baby
Take me for what I am",2
195,"MAUREEN
A control freak","JOANNE
Who I was meant to be","MAUREEN
A snob yet over-attentive","JOANNE
And if you give a damn","MAUREEN
A lovable, droll geek","(The COMPANY bursts into a flurry of movemen. Then everyone except
MARK and ROGER freezes in a group upstage)",1
196,"JOANNE
Take me baby or leave me","MAUREEN
And anal retentive","BOTH
That's it!","JOANNE
The straw that breaks my back","BENNY
Next door, the home of Cyberarts, you see
And now that the block is re-zoned
Our dream can become a reality
You'll see boys
You'll see boys
A state of the art, digital, virtual interactive studio
I'll forego your rent and on paper guarantee
That you can stay here for free
If you do me one small favor","BOTH
I quit",2
197,"JOANNE
Unless you take it back","BOTH
Women","MAUREEN
What is it about them?","BOTH
Can't live
With them 
Or without them!
Take me for what I am
Who I was meant to be
And if you give a damn
Take me baby or leave me
Take me baby
Or leave me
Guess I'm leavin'
I'm gone","ANGEL
Darling... we're everything!
Live in my house
I'll be your shelter
Just pay me back
With one thousand kisses
Be my lover I'll cover you",(They both sit),2
198,SEASONS OF LOVE B ,"COMPANY
In diapers report cards
In spoke wheels in speeding tickets
In contracts dollars
In funerals in births
In five hundred twenty-five thousand six hundred minutes
How do you figure
A last year on earth?
Figure in love
Figure in love
Figure in love
Measure in love
Seasons of love
Seasons of love",WITHOUT YOU (Mimi's Apartment) ,"(Three beds appear downstage. One, a hospital bed, is occupied by
ANGEL. ROGER sits on another, JOANNE on the third. MIMI
approaches ROGER, and then appears to be in a hurry)","MIMI
Slap","ROGER
Where were you?",2
199,"MIMI
I'm sorry I'm late.","ROGER (interrupting)
I know. You lost your keys. No, you went for a walk; you had to help your
mother. (As he picks up the guitar) And how's Benny? I'm gonna work
upstairs tonight","MIMI
Wait
I should tell you
I should 
Never mind","ROGER
Happy Spring",(ROGER crosses to the door),"(ROGER exits. MIMI pulls out a just-purchased stash and angrily flings it
across the room. As she sings the following, a stylized ""musical beds"" is
choreographed around her; during the bridge of the song, COLLINS
carries ANGEL from the hospital bed and ROGER takes his place. By the
end of the song, MAUREEN and JOANNE are reunited, as are ROGER
and MIMI. COLLINS and ANGEL have lain down together, where
ANGEL dies)",2
200,"MIMI
Without you
The ground thaws
The rain falls
The grass grows
Without you
The seeds root
The flowers bloom
The children play
The stars gleam
The poets dream
The eagles fly
Without you
The earth turns
The sun burns
But I die
Without you
Without you
The breeze warms
The girl smiles
The cloud moves
Without you
The tides change
The boys run
The oceans crash
The crowds roar
The days soar
The babies cry
Without you
The moon glows
The river flows
But I die
Without you","ROGER
The world revives","MIMI
Colors renew","BOTH
But I know blue
Only blue
Lonely blue
Within me, blue
Without you","ROGER
How do you write a song
When the chords sound wrong
Though they once sounded right and rare
When the notes are sour
Where is the power
You once had to ignite the air","MIMI
Without you
The hand gropes
The ear hears
The pulse beats",2
201,"ROGER
Without you
The eyes gaze
The legs walk
The lungs breathe","BOTH
The mind churns
The heart yearns
The tears dry
Without you
Life goes on
But I'm gone
Cause I die","ROGER
Without you","MIMI
Without you","ROGER
Without you","ROGER
Mark Cohen will preview his new documentary about his inability to hold an
erection on high holy days",1
202,"BOTH
Without you",VOICE MAIL #4 (The loft. The phone rings),"ROGER & MARK'S ANSWERING MACHINE
""Speak"" ... (""Beeeep!"")","ALEXI DARLING
Mark Cohen
Alexi Darling
Labor Day weekend
In East Hampton
On the beach
Just saw Alec Baldwin
Told him you say hi
Just kidding
We still need directors
You still need money
You know you need money
Pick up the phone
Don't be afraid of ker-ching ker-ching
Marky -- sell us your soul
Just kidding
We're waiting",CONTACT (Various fantasy bed locales) ,(Lights come up on loft),1
203,"(The COMPANY forms two main groups. As the music begins, a group of
dancers start a sensual life and death dance, while a group of actors
gather around a table centerstage to speak words of passion which
punctuate the dancing. Eventually, the actors converge on the table and
cover themselves with a white sheet, while moving to the music)","GROUP A (ROGER, MARK, JOANNE, BENNY)
Hot-hot-hot-sweat-sweet
Wet-wet-wet-red-heat
Hot-hot-hot-sweat-sweet
Wet-wet-wet-red-heat
Please don't stop please
Please don't stop stop
Stop stop stop don't
Please please please please
Hot-hot-hot-sweat-sweet
Wet-wet-wet-red-heat
Sticky-licky-trickle-tickle
Steamy-creamy-stroking-soaking","GROUP B (MIMI, COLLINS, MAUREEN, ANGEL)
Hot-hot-hot-sweat-sweet
Wet-wet-wet-red-heat","COLLINS
Touch","MAUREEN
Taste","MARK
Touche. Take your AZT
Close on Roger
His girlfriend April
Left a note saying ""We've got AIDS""
Before slitting her wrists in the bathroom
I'll check up on you later - Change your mind. You have to get out of the
house.",1
204,"MIMI
Deep","COLLINS
Dark","MAUREEN
Kiss","COLLINS
Beg","MIMI
Slap","ROGER
Zoom in on my empty wallet",1
205,"MIMI, MAUREEN & COLLINS
Fear","COLLINS
Thick","COLLINS, MIMI & MAUREEN
Red, red
Red, red
Red, red please","MAUREEN
Harder","ROGER
Muffy","ANGEL
Faster",2
206,"MAUREEN
Wetter","MIMI
Bastard","COLLINS
You whore","MAUREEN
You cannibal","MIMI'S VOICE
Safe","MIMI & ANGEL
More",2
207,"MAUREEN
You animal","MAUREEN, COLLINS & MIMI
Fluid no fluid no contact yes
No contact","ALL
Fire fire burn-burn yes
No latex rubber rubber
Fire latex rubber latex bummer
Lover bummer","(The music explodes into a fevered rhythmic heat as ANGEL is revealed
in a lone spotlight, dancing wildly)","ANGEL
Take me
Take me
Today for you
Tomorrow for me
Today me
Tomorrow you
Tomorrow you
Love you
Love you
I love
You I love
You!
Take me
Take me
I love you","(All three cross upstage and attempt to throw up the length of rope over
a plank. ROGER and MIMI are laughing and holding each other)",1
208,(The music dies as ANGEL vanishes),"ROGER'S VOICE
Um","JOANNE'S VOICE
Wait","MIMI'S VOICE
Slipped","ALL
What binds the fabric together
When the raging, shifting winds of change
Keep ripping away","COLLINS' VOICE
Shit",2
209,"JOANNE'S VOICE
Ow","ROGER'S VOICE
Where'd it go?","MIMI'S VOICE
Safe","COLLINS' VOICE
Damn","MAUREEN'S VOICE
I think I missed
Don't get pissed","COLLINS
Open your door
I'll be your tenant
Don't got much baggage
To lay at your feet
But sweet kisses I've got to spare
I'll be there- I'll cover you",1
210,"ALL
It was bad for me - was it bad for you?","JOANNE
It's over","MAUREEN
It's over","ROGER
It's over","BENNY
She's got a new man?","MIMI
It's over",2
211,"COLLINS
It's over",I'LL COVER YOU (REPRISE) (In a church - Angel's memorial) ,"MIMI
Angel was one of my closest friends. It's right that it's Halloween, because it
was her favorite holiday. I knew we'd hit it off from the moment we met. That
skin head was bothering her, and she said she was more of a man than he'd
ever be, and more of a woman than he'd ever get","MARK
and then there was that time that he walked up to this group of tourists
and, they were petrified, because, a) they were obviously lost, and b) they had
probably never spoken to a drag queen before in their lives...and he...she just
offered to escort them out of Alphabet City, and then she let them take a
picture with her, and then she said she'd help 'em find the Circle Line","MAUREEN
so much more original then any of us...you'd find an old table cloth on the
street and make a dress...and next year, sure enough - they'd be mass
producing them at the Gap. You always said how lucky you were that we
were all friends. But it was us, baby, who were the lucky ones","JOANNE
You should try it in heels!
She cheated",1
212,"COLLINS
Live in my house
I'll be your shelter
Just pay me back
With one thousand kisses
Be my lover
And I'll cover you
Open your door I'll be your tenant
Don't got much baggage to lay at your feet
But sweet kisses I've got to spare
I'll be there I'll cover you
I think they meant it
When they said you can't buy love
Now I know you can rent it
A new lease you were, my love, on life
All my life
I've longed to discover
Something as true
As this is",(The following is sung simultaneously.),"JOANNE & SOLOIST
So with a thousand sweet kisses
I'll cover you with a thousand sweet kisses
I'll cover you with a thousand sweet kisses
I'll cover you with a thousand sweet kisses
I'll cover you","COLLINS
If you're cold and you're lonely
You've got one nickel only
When you're worn out and tired
When your heart has expired","COMPANY
Five hundred twenty-five thousand six hundred minutes
Five hundred twenty-five thousand six hundred moments so dear
Five hundred twenty-five thousand six hundred minutes
Five hundred twenty-five thousand six hundred measure a year
Oh lover I'll cover you
Oh lover I'll cover you","(COLLINS carries ANGEL's pickle tub, now filled with provisions)",1
213,"COLLINS & COMPANY
Oh lover
I'll cover you
Oh lover","COLLINS
I'll cover you","COMPANY
Five hundred twenty-five thousand six hundred minutes
Five hundred twenty-five thousand seasons of love","COLLINS
I'll cover you",HALLOWEEN (Outside the church) ,"MARK
December 24th, ten p.m. Eastern standard time
I can't believe a year went by so fast
Time to see what we have time to see
Turn the projector on",1
214,"MARK
(On the pay phone)
Hi. It's Mark Cohen. Is Alexi there?...No, don't bother her. Just tell her I'm
running a little late for our appointment...Yes, I'm still coming... Yes, I signed
the contract... Thanks
How did we get here?
How the hell
Pan left - close on the steeple of the church
How did I get here?
How the hell...
Christmas
Christmas Eve last year
How could a night so frozen be so scalding hot?
How can a morning this mild be so raw?
Why are entire years strewn
On the cutting room floor of memory
When single frames from one magic night
Forever flicker in close-up
On the 3D Imax of my mind
That's poetic
That's pathetic
Why did Mimi knock on Roger's door
And Collins choose that phone booth
Back where Angel set up his drums
Why did Maureen's equipment break down
Why am I the witness
And when I capture it on film
Will it mean that it's the end
And I'm alone",GOODBYE LOVE ,(The PRINCIPALS emerge from the church),"MIMI (to ROGER)
It's true you sold your guitar and bought a car?","ROGER
It's true- I'm leaving now for Santa Fe
It's true you're with this yuppie scum?","MARK
Maureen?",1
215,"BENNY
You said you'd never speak to him again","MIMI
Not now","MAUREEN
Who said that you have any say
In who she says things to at all?","ROGER
Yeah","MIMI
You're staring again","JOANNE
Who said that you should
Stick your nose in other people's",2
216,"MAUREEN
Who said I was talking to you?","JOANNE
We used to have this fight each night","MARK
Calm down","JOANNE
She'd never admit I existed","MARK
Everyone please!","ANGEL
Fifteen",1
217,"MIMI
He was the same way he was always
""Run away hit the road
Don't commit"" you're full of shit","JOANNE
She's in denial","MIMI
He's in denial","JOANNE
Didn't give an inch
When I gave a mile","COLLINS
That's no way to send a boy to meet his maker
They had to know we couldn't pay the undertaker","MARK
Come on",2
218,"MIMI
I gave a mile","ROGER
Gave a mile to who?","MARK & BENNY
Come on guys chill","MIMI & JOANNE
I'd be happy to die for a taste of what Angel had
Someone to live for unafraid to say I love you","MARK
Friendship is thicker than blood","ROGER
All your words are nice Mimi
But love's not a three way street
You'll never share real love
Until you love yourself I should know",2
219,"COLLINS
You all said you'd be cool today
So please for my sake
I can't believe he's gone
(to ROGER) I can't believe you're going 
I can't believe this family must die
Angel helped us believe in love
I can't believe you disagree","ALL
I can't believe this is goodbye",(MAUREEN and JOANNE look at each other),"MAUREEN
Pookie","ROGER
It's over","JOANNE
Honeybear",2
220,(They embrace),"JOANNE
I missed you","MAUREEN
I missed your smell","JOANNE
I missed your mouth...Your","ROGER
""The narration crackles and pops with incendiary wit""","(They kiss, but MAUREEN pulls away)",2
221,"MAUREEN
Ow","JOANNE
What?","MAUREEN
Nothing, Pookie","JOANNE
No, baby, you said ow...What?","MAUREEN
Well, you bit my tongue","MARK & ROGER
And feel the heat of the future's glow",1
222,"JOANNE
No, I didn't","MAUREEN
You did I'm bleeding","JOANNE
No, it isn't","MAUREEN
I think I should know","MIMI
If you close your eyes","JOANNE
Let me see",2
223,"MAUREEN
She doesn't believe me!","JOANNE
I was only trying to","(They laugh, hug, and wave goodbye, exiting stage right. The PASTOR
from the church emerges on the above)","PASTOR
Thomas B. Collins","COLLINS
Coming","MARK
Back at N.Y.U.?",1
224,"(The PASTOR exits above and COLLINS exits into the church. BENNY
stands off to the side as MIMI approaches ROGER, who turns away. She
hesitates before leaving with BENNY. ROGER and MARK are left alone)","MARK
I hear there are great restaurants out west","ROGER
Some of the best. How could she?","MARK
How could you let her go?","MARK
Must be nice to have money","ROGER
You just don't know How could we lose Angel?",2
225,"MARK
Maybe you'll see why when you stop escaping your pain
At least now if you try- Angel's death won't be in vain","ROGER
His death is in vain","(MIMI reappears up left, in the shadows. She overhears ROGER and
MARK's conversation)","MARK
Are you insane?
There so much to care about
There's me- there's Mimi","MARK
You're not mad?","ROGER
Mimi's got her baggage, too",2
226,"MARK
So do you","ROGER
Who are you to tell me what I know, what to do","MARK
A friend","ROGER
But who, Mark, are you?
""Mark has got his work""
They say ""Mark lives for his work""
And ""Mark's in love with his work""
Mark hides in his work","MIMI
That's what he said","MARK
But from what?",2
227,"ROGER
From facing your failure, facing your loneliness
Facing the fact you live a lie
Yes, you live a lie tell you why
You're always preaching not to be numb
When that's how you thrive
You pretend to create and observe
When you really detach from feeling alive","MARK
Perhaps it's because I'm the one of us to survive","ROGER
Poor baby","MARK
Mimi still loves Roger
Is Roger really jealous
Or afraid that Mimi's weak","ALL
We'll pack up all our junk and fly so far away
Devote ourselves to projects that sell
We'll open up a restaurant in Santa Fe
Forget this cold Bohemian hell
Oh
Oh","ROGER
Mimi did look pale",2
228,"MARK
Mimi's gotten thin
Mimi's running out of time
Roger's running out the door","ROGER
No more! Oh no
I've gotta go","MARK
Hey, for somebody who's always been let down
Who's heading out of town?","ROGER
For someone who longs for a community of his own,
Who's with his camera, alone?","(ROGER takes a step to go, then stops, turns)","MARK
Fade in on Mark
Who's still in the dark",1
229,"I'll call
I hate the fall",(ROGER turns to go and sees MIMI),You heard?,"MIMI
Every word
You don't want baggage without lifetime guarantees
You don't want to watch me die
I just came to say
Goodbye, love
Goodbye, love
Came to say goodbye, love, goodbye
Just came to say
Goodbye love
Goodbye love
Goodbye love
Goodbye","ROGER
Glory
One blaze of
Glory
Have to find",(ROGER puts on his jacket and exits the loft),1
230,(ROGER exits. BENNY returns. MIMI steps away),"MIMI
Please don't touch me
Understand
I'm scared
I need to go away","MARK
I know a place a clinic","BENNY
A rehab?","MIMI
Maybe could you?","That doesn't remind us of ""Musetta's Waltz""",1
231,"BENNY
I'll pay","MIMI
Goodbye love
Goodbye love
Came to say goodbye, love, goodbye
Just came to say
Goodbye love
Goodbye love
Goodbye love
Hello disease","(MIMI runs away. After a moment, COLLINS quickly enters, with the
PASTOR trailing behind him)","PASTOR
Off the premises now, we give no handouts here","ALL
No day but today
No day but today
No day but today
No day but today
No day but today","MARK
What happened to Rest In Peace?",2
232,"PASTOR
Off the premises, queer","COLLINS
That's no way to send a boy to meet his maker
They had to know we couldn't pay the undertaker","BENNY
(To COLLINS) Don't you worry 'bout him 
(To PASTOR) Hey, I'll take care of it",(The PASTOR acknowledges BENNY and exits),"MIMI
Excuse me did I do something wrong?
I get invited then ignored all night long","MARK
Must be nice to have money",2
233,"ALL THREE
No shit","COLLINS
I think it's only fair to tell you, you just paid for the funeral of the person who
killed your dog","BENNY
I know... I always hated that dog
Let's pay him off, and then get drunk","MARK
I can't... I have a meeting","ALL
Seasons of love 
Seasons of love","BENNY & COLLINS
Punk! Let's go",2
234,(COLLINS and BENNY exit),"MARK (imagining)
Hi. Mark Cohen here, reporting for Buzzline. Back to you, Alexi! Coming up
next, vampire welfare queens who are compulsive bowlers... Oh my God,
what am I doing? ",WHAT YOU OWN ,"MARK
Don't breathe too deep
Don't think all day
Dive into work
Drive the other way
That drip of hurt
That pint of shame
Goes away
Just play the game
You're living in America
At the end of the millennium
You're living in America
Leave your conscience at the tone
And when you're living in America
At the end of the millennium
You're what you own",(Lights up on ROGER),"COLLINS
How do you stay on your feet
When on every street
It's 'trick or treat'
(And tonight it's 'trick')
'Welcome back to town'
Oh, I should lie down
Everything's brown
And uh -- oh
I feel sick",1
235,"ROGER
The filmmaker cannot see","MARK
And the songwriter cannot hear","ROGER
Yet I see Mimi everywhere","MARK
Angel's voice is in my ear","ROGER
Just tighten those shoulders","MIMI
Two minutes left to execute our plan",1
236,"MARK
Just clench your jaw till you frown","ROGER
Just don't let go","BOTH
Or you may drown
You're living in America
At the end of the millennium
You're living in America
Where it's like the Twilight Zone
And when you're living in America
At the end of the millennium
You're what you own
So I own not a notion
I escape and ape content
I don't own emotion - I rent","MARK
What was it about that night","ROGER
What was it about that night","BOTH
Who knows where
Who goes there
Who knows
Here goes
Trusting desire starting to learn
Walking through fire without a burn
Clinging a shoulder, a leap begins
Stinging and older, asleep on pins
So here we go
Now we",1
237,"BOTH
Connection- in an isolating age","MARK
For once the shadows gave way to light","ROGER
For once the shadows gave way to light","BOTH
For once I didn't disengage","(ANGEL sashays in. He's gorgeously done up in Santa drag, with a fan of
twenty-dollar bills in each hand)",(MARK goes to the pay phone and dials),2
238,"MARK
Angel I hear you I hear it
I see it I see it
My film!","ROGER
Mimi I see you I see it
I hear it- I hear it
My song","MARK (on the phone)
Alexi--Mark
Call me a hypocrite
I need to finish my own film
I quit","ROGER
One song glory
Mimi
Your eyes","BOTH
Dying in America
At the end of the millennium
We're dying in America
To come into our own
And when you're dying in America
At the end of the millennium
You're not alone
I'm not alone
I'm not alone","COLLINS
I may be detained",1
239,(Blackout),VOICE MAIL #5 (Various locations),"(In blackout, once again the phone rings)","ROGER & MARK'S ANSWERING MACHINE
""Speak..."" (Beep)","ROGER'S MOTHER
Roger, this is your mother
Roger, honey, I don't get these postcards
""Moving to Santa Fe""
""Back in New York
Starting a rock band""
Roger, where are you? --Please call ","MIMI
Got a light - I know you - you're shivering",1
240,(The following is sung simultaneously),"MIMI'S MOTHER
Mimi, chica, donde estas?
Tu mama esta llamando
Donde estas Mimi - - Call","MR. JEFFERSON
Kitten wherever are you - Call","MRS. COHEN
Mark - are you there - are you there
I don't know if he's there
We're all here wishing you were here too
Where are you Mark are you there are you where are you
Mark - are you there - are you there
I don't know if - Please call your mother","BENNY
A rehab?",FINALE (The lot and the loft) ,2
241,"ALL SEVEN HOMELESS
Christmas bells are ringing
Christmas bells are ringing
Christmas bells are ringing
How time flies
When compassion dies
No stockings
No candy canes
No gingerbread
No safety net
No loose change
No change no","ONE HOMELESS MAN
""Santy Claus is coming""","ALL
Cause Santy Claus ain't coming
No room at the Holiday Inn again
Well, maybe next year 
Or -- when","(Lights shift back to the loft. A small prjector rests on a milk crate,
which is on a dolly)","COLLINS
Gentlemen, our benefactor on this Christmas Eve
Whose charity is only matched by talent, I believe
A new member of the Alphabet City avant-garde
Angel Dumott Schunard!","MARK
December 24th, ten p.m. Eastern standard time
I can't believe a year went by so fast
Time to see what we have time to see
Turn the projector on",2
242,"(A rough title credit, ""Today 4 U: Proof Positive,"" appears, followed by
a shot from last Christmas of ROGER tuning his guitar)","First shot Roger
With the fender guitar he just got out of hock
When he sold the car
That took him away and back","ROGER
I found my song","MARK
He found his song
If he could just find Mimi","ROGER
I tried - you know I tried","BENNY
Maureen is protesting
Losing her performance space
Not my attitude",1
243,(MARK's image appears on-screen),"MARK
Fade in on Mark
Who's still in the dark","ROGER
But he's got great footage","MARK
Which he's cut together","JOANNE
It's different with me","ROGER
To screen tonight",2
244,(BENNY's image appears on screen),"MARK
In honor of Benny's wife","ROGER
Muffy","MARK
Alison
Pulling Benny out of the East Village location","(Three locales: JOANNE at the pay phone, MARK and ROGER in their
loft, and COLLINS on the ground. The following is sung simultaneously)",(The projector blows a fuse. Blackout),2
245,"ROGER
Then again, maybe we won't screen it tonight","MARK
I wonder how Alison found out about Mimi?","ROGER
Maybe a little bird told her","(COLLINS enters in the dark, with several twenty-dollar bills in each
hand)","COLLINS
Or an angel","MIMI
I'm giving up my vices
I'm going back - back to school
Eviction or not
This week's been so hot
That long as I've got you
I know I'll be cool
I couldn't crack the love code, dear
'Til you made the lock on my heart explode
It's gonna be a happy new year
A happy new year",1
246,(Lights fade up),I had a little hunch that you could use a little flow,"ROGER
Tutoring again?","COLLINS
Negative","JOANNE
Me too","MARK
Back at N.Y.U.?",2
247,"COLLINS
No, no, no
I rewired the ATM at the food emporium
To provide an honorarium to anyone with the code","ROGER & MARK
The code 
Well...?","COLLINS
A-N-G-E-L
Yet Robin Hooding isn't the solution
The powers that be must be undermined where they dwell
In a small, exclusive gourmet institution
Where we overcharge the wealthy clientele","ALL THREE
Let's open up a restaurant in Santa Fe
With a private corner banquette in the back","MARK
There is no future there is no past","COLLINS
We'll make it yet, we'll somehow get to Santa Fe",2
248,"ROGER
But you'd miss New York before you could unpack","ALL
Ohh","(MAUREEN and JOANNE enter, carrying MIMI)","MAUREEN
Mark! Roger! Anyone - help!","MARK
Wait, wait, wait you said she was sweet","MARK
Maureen?",2
249,"MAUREEN
It's Mimi - I can't get her up the stairs","ROGER
No",(They enter the loft),"MAUREEN
She was huddled in the park in the dark
And she was freezing
And begged to come here","ROGER
I should tell you
I should tell you","ROGER
Over here
Oh, God ",2
250,(They lay her down carefully on the table),"MIMI
Got a light - I know you - you're shivering","JOANNE
She's been living on the street","ROGER
We need some heat","MARK
What?","MIMI
I'm shivering",2
251,"MARK
We can buy some wood and something to eat","COLLINS
I'm afraid she needs more than heat","MIMI
I heard that","MAUREEN
Collins will call for a doctor, honey","MIMI
Don't waste your money on Mimi, me, me","MARK
What rent?",1
252,"COLLINS
Hello 911?
I'm on hold","MIMI
Cold...cold... would you light my candle?","ROGER
Yes we'll oh God - find a candle","MIMI
I should tell you
I should tell you","ANGEL
Center of the universe","ROGER
I should tell you
I should tell you",2
253,"MIMI
I should tell you
Benny wasn't any","ROGER
Shhh--I know
I should tell you why I left
It wasn't cause I didn't ","MIMI
I know
I should tell you","ROGER
I should tell you","MIMI (whispering)
I should tell you
I love you","ROGER
No",1
254,(MIMI fades),"ROGER
Who do you think you are?
Leaving me alone with my guitar
Hold on there's something you should hear
It isn't much but it took all year",(MIMI stirs and ROGER begins playing acoustic guitar at her bedside),YOUR EYES ,"ROGER
Your eyes
As we said our goodbyes
Can't get them out of my mind
And I find I can't hide
From your eyes
The ones that took me by surprise
The night you came into my life
Where there's moonlight I see your eyes","JOANNE
They don't know what they're doing
The cops are sweeping the lot
But no one's leaving
They're just sitting there, mooing!",1
255,(Band takes over),"How'd I let you slip away
When I'm longing so to hold you
Now I'd die for one more day
'Cause there's something I should have told you
Yes there's something I should have told you
When I looked into your eyes
Why does distance make us wise?
You were the song all along
And before this song dies
I should tell you I should tell you
I have always loved you
You can see it in my eyes","(We hear Musetta's Theme, played correctly and passionately. MIMI's
head falls to the side and her arm drops limply off the edge of the table)",Mimi!,FINALE B ,(MARK and ROGER stoke the fire. Crosscut to BENNY's Range Rover),1
256,"(Suddenly, MIMI's hand twitches. Incredibly, she is still alive)","MIMI
I jumped over the moon","ROGER
What?","MIMI
A leap of moooooooooooo","ANGEL
Fifteen","JOANNE
She's back",2
257,"MIMI
I was in a tunnel. Heading for this warm, white light","MAUREEN
Oh my god","MIMI
And I swear Angel was there and she looked GOOD! And she said, ""Turn
around, girlfriend, and listen to that boy's song""","COLLINS
She's drenched","BENNY
I couldn't stop thinking about the whole mess
Mark you want to get this on film","MAUREEN
Her fever's breaking",2
258,"MARK
There is no future there is no past","ROGER
Thank God this moment's not the last","MIMI & ROGER
There's only us
There's only this
Forget regret or life is yours to miss","ALL
No other road no other way
No day but today","(As the finale grows, the entire COMPANY makes its way on stage)","MAUREEN
You animal",1
259,"WOMEN
I can't control
My destiny
I trust my soul
My only goal is just to be","MEN
Will I lose my dignity?
Will someone care?
Will I wake tomorrow
From this nightmare?","(MARK's film resumes, along with two more films projecting on the back
wall, ""Scenes from RENT..."")","WOMEN
Without you
The hand gropes
The ear hears
The pulse beats
Life goes on
But I'm gone
'Cause I die
Without you
I die without you
I die without you
I die without you","MEN
There's only now
There's only here
Give in to love
Or live in fear
No other path
No other way
No day but today
No day but today
No day but today
No day but today","JOANNE
I'm defeated
I should give up right now",1
99,POZZO:I've already told you?,ESTRAGON:He's already told us?,VLADIMIR:Anyway he has put them down.,ESTRAGON:(glance at Lucky). So he has. And what of it?,VLADIMIR:I've been better entertained.Silence. Pozzo struggles inwardly.,VLADIMIR:Since he has put down his bags it is impossible we should have asked why hedoes not do so.POZZO:Stoutly reasoned!,2
100,POZZO:Answer us that.,VLADIMIR:In order to dance.,ESTRAGON:True!,POZZO:True!Silence. They put on their hats.,"ESTRAGON:Nothing happens, nobody comes, nobody goes, it's awful!",ESTRAGON:What?,1
101,POZZO:Give him his hat.,VLADIMIR:His hat?,POZZO:He can't think without his hat.,VLADIMIR:(to Estragon). Give him his hat.,ESTRAGON:Me! After what he did to me! Never!,ESTRAGON:I dreamt that—,1
102,ESTRAGON:(to Pozzo). Tell him to go and fetch it.,POZZO:It's better to give it to him.,"VLADIMIR:I'll give it to him.He picks up the hat and tenders it at arm's length to Lucky, who does not move.",POZZO:You must put it on his head.,ESTRAGON:(to Pozzo). Tell him to take it.,ESTRAGON:His friends.,1
103,"VLADIMIR:I'll put it on his head.He goes round behind Lucky, approaches him cautiously, puts the hat on his headand recoils smartly. Lucky does not move. Silence.",ESTRAGON:What's he waiting for?,"POZZO:Stand back! (Vladimir and Estragon move away from Lucky. Pozzo jerks the rope.Lucky looks at Pozzo.) Think, pig! (Pause. Lucky begins to dance.) Stop! (Luckystops.) Forward! (Lucky advances.) Stop! (Lucky stops.) Think!Silence.",LUCKY:On the other hand with regard to—,VLADIMIR:I don't understand.,"POZZO:Stop! (Lucky stops.) Back! (Lucky moves back.) Stop! (Lucky stops.) Turn! (Luckyturns towards auditorium.) Think!During Lucky's tirade the others react as follows.1) Vladimir and Estragon all attention, Pozzo dejected and disgusted.2) Vladimir and Estragon begin to protest, Pozzo's sufferings increase.3) Vladimir and Estragon attentive again, Pozzo more and more agitated andgroaning.4) Vladimir and Estragon protest violently. Pozzo jumps up, pulls on the rope.General outcry. Lucky pulls on the rope, staggers, shouts his text. All three throwthemselves on Lucky who struggles and shouts his text.",2
104,POZZO:His hat!Vladimir seizes Lucky's hat. Silence of Lucky. He falls. Silence. Panting of thevictors.,"ESTRAGON:Avenged!Vladimir examines the hat, peers inside it.","POZZO:Give me that! (He snatches the hat from Vladimir, throws it on the ground,tramples on it.) There's an end to his thinking!",VLADIMIR:But will he be able to walk?,POZZO:The road is free to all.,POZZO:Walk or crawl! (He kicks Lucky.) Up pig!,2
105,VLADIMIR:You'll kill him.,POZZO:Up scum! (He jerks the rope.) Help me!,VLADIMIR:How?,"POZZO:Raise him up!Vladimir and Estragon hoist Lucky to his feet, support him an instant, then let himgo. He falls.","VLADIMIR:(advancing with short, stiff strides, legs wide apart). I'm beginning to come roundto that opinion. All my life I've tried to put it from me, saying Vladimir, bereasonable, you haven't yet tried everything. And I resumed the struggle. (Hebroods, musing on the struggle. Turning to Estragon.) So there you are again.",ESTRAGON:He's doing it on purpose!,2
106,ESTRAGON:To hell with him!,"VLADIMIR:Come on, once more.","ESTRAGON:What does he take us for?They raise Lucky, hold him up.","POZZO:Don't let him go! (Vladimir and Estragon totter.) Don't move! (Pozzo fetches bagand basket and brings them towards Lucky.) Hold him tight! (He puts the bag inLucky's hand. Lucky drops it immediately.) Don't let him go! (He puts back thebag in Lucky's hand. Gradually, at the feel of the bag, Lucky recovers his sensesand his fingers finally close round the handle.) Hold him tight! (As before withbasket.) #Now! You can let him go. (Vladimir and Estragon move away from Lucky whototters, reels, sags, but succeeds in remaining on his feet, bag and basket in hishands. Pozzo steps back, cracks his whip.) Forward! (Lucky totters forward.)Back! (Lucky totters back.) Turn! (Lucky turns.) Done it! He can walk. (Turningto Vladimir and Estragon.) Thank you, gentlemen, and let me . . . (he fumbles inhis pockets) . . . let me wish you . . . (fumbles) . . . wish you . . . (fumbles) . . . whathave I done with my watch? (Fumbles.) A genuine half-hunter, gentlemen, withdeadbeat escapement! (Sobbing.) Twas my granpa gave it to me! (He searches onthe ground, Vladimir and Estragon likewise. Pozzo turns over with his foot theremains of Lucky's hat.) Well now isn't that just—",VLADIMIR:You're being asked a question.,VLADIMIR:Perhaps it's in your fob.,2
107,"VLADIMIR:Silence!All listen, bent double. #",ESTRAGON:I hear something.,POZZO:Where?,VLADIMIR:It's the heart.,POZZO:(disappointed). Damnation!,VLADIMIR:What an idea!,1
108,ESTRAGON:Perhaps it has stopped.They straighten up.,POZZO:Which of you smells so bad?,ESTRAGON:He has stinking breath and I have stinking feet.,POZZO:I must go.,ESTRAGON:Good idea.,ESTRAGON:And your half-hunter?,2
109,ESTRAGON:Then adieu.,POZZO:Adieu.,VLADIMIR:Adieu.,POZZO:Adieu.Silence. No one moves.,VLADIMIR:Come in? On our hands and knees.,VLADIMIR:Adieu.,2
110,ESTRAGON:Adieu.Silence.POZZO:And thank you.,VLADIMIR:Thank you.,POZZO:Not at all.,ESTRAGON:Yes yes.,POZZO:No no.,VLADIMIR:He said by the tree. (They look at the tree.) Do you see any others?,1
111,ESTRAGON:No no.Silence.,POZZO:I don't seem to be able . . . (long hesitation) . . . to depart.,"ESTRAGON:Such is life.Pozzo turns, moves away from Lucky towards the wings, paying out the rope as hegoes.",VLADIMIR:You're going the wrong way.,"POZZO:I need a running start. (Having come to the end of the rope, i.e., off stage, hestops, turns and cries.) Stand back! (Vladimir and Estragon stand back, looktowards Pozzo. Crack of whip.) On! On!",VLADIMIR:I'm glad to see you back. I thought you were gone forever.,1
112,VLADIMIR:On!Lucky moves off.,"POZZO:Faster! (He appears, crosses the stage preceded by Lucky. Vladimir and Estragonwave their hats. Exit Lucky.) On! On! (On the point of disappearing in his turn hestops and turns. The rope tautens. Noise of Lucky falling off.) Stool! (Vladimirfetches stool and gives it to Pozzo who throws it to Lucky.) Adieu!",VLADIMIR and ESTRAGON:(waving). Adieu! Adieu!,POZZO:Up! Pig! (Noise of Lucky getting up.) On! (Exit Pozzo.) Faster! On! Adieu! Pig!Yip! Adieu!Long silence.,VLADIMIR:You're my only hope.,VLADIMIR:That passed the time.,2
113,"VLADIMIR:Yes, but not so rapidly.Pause.",ESTRAGON:What do we do now?,VLADIMIR:I don't know.,ESTRAGON:Let's go.,VLADIMIR:We can't.,ESTRAGON:Why it's absolutely certain.,1
114,VLADIMIR:We're waiting for Godot.,ESTRAGON:(despairingly). Ah!Pause.,VLADIMIR:How they've changed!,ESTRAGON:Who?,VLADIMIR:Those two.,ESTRAGON:He said Godot.,1
115,VLADIMIR:Haven't they?,ESTRAGON:What?,VLADIMIR:Changed.,ESTRAGON:Very likely. They all change. Only we can't.,POZZO:But that would surprise me.,VLADIMIR:Likely! It's certain. Didn't you see them?,2
116,VLADIMIR:Yes you do know them.,ESTRAGON:No I don't know them.,"VLADIMIR:We know them, I tell you. You forget everything. (Pause. To himself.) Unlessthey're not the same . . .ESTRAGON:Why didn't they recognize us then?",VLADIMIR:That means nothing. I too pretended not to recognize them. And then nobody everrecognizes us.,ESTRAGON:Forget it. What we need– Ow! (Vladimir does not react.) Ow!,ESTRAGON:What?,1
117,ESTRAGON:Didi! It's the other foot!He goes hobbling towards the mound.,VLADIMIR:Unless they're not the same . . .,BOY:(off). Mister!Estragon halts. Both look towards the voice.,ESTRAGON:Off we go again.,"POZZO:You are severe. (To Vladimir.) What age are you, if it's not a rude question?(Silence.) Sixty? Seventy? (To Estragon.) What age would you say he was?","VLADIMIR:Approach, my child.Enter Boy, timidly. He halts.",2
118,VLADIMIR:Yes.,ESTRAGON:What do you want?,VLADIMIR:Approach!The Boy does not move.,"ESTRAGON:(forcibly). Approach when you're told, can't you?The Boy advances timidly, halts.",VLADIMIR:From a bough? (They go towards the tree.) I wouldn't trust it.,VLADIMIR:What is it?,2
119,VLADIMIR:Obviously . . . (Pause.) Approach.,ESTRAGON:(violently). Will you approach! (The Boy advances timidly.) What kept you solate?,VLADIMIR:You have a message from Mr. Godot?,BOY:Yes Sir.,"VLADIMIR:Well, what is it?","ESTRAGON:That would be too bad, really too bad. (Pause.) Wouldn't it, Didi, be really toobad? (Pause.) When you think of the beauty of the way. (Pause.) And thegoodness of the wayfarers. (Pause. Wheedling.) Wouldn't it, Didi?",1
120,VLADIMIR:(to Estragon). Let him alone.,"ESTRAGON:(violently). You let me alone. (Advancing, to the Boy.) Do you know what time itis?","BOY:(recoiling). It's not my fault, Sir.",ESTRAGON:And whose is it? Mine?,"BOY:I was afraid, Sir.",ESTRAGON:It's inevitable.,1
121,"VLADIMIR:I know what it is, he was afraid of the others.",ESTRAGON:How long have you been here?,"BOY:A good while, Sir.",VLADIMIR:You were afraid of the whip?,BOY:Yes Sir.,VLADIMIR:But to whom? By whom?,1
122,BOY:Yes Sir.,VLADIMIR:The two big men.,BOY:Yes Sir.,VLADIMIR:Do you know them?,ESTRAGON:Repented what?,BOY:No Sir.,2
123,BOY:Yes Sir.,ESTRAGON:That's all a pack of lies. (Shaking the Boy by the arm.) Tell us the truth!,"BOY:(trembling). But it is the truth, Sir!","VLADIMIR:Will you let him alone! What's the matter with you? #(Estragon releases the Boy, moves away, covering his face with his hands.Vladimir and the Boy observe him. Estragon drops his hands. His face isconvulsed.) What's the matter with you?",ESTRAGON:I'm unhappy.,"VLADIMIR:Try and walk.Estragon takes a few limping steps, stops before Lucky and spits on him, thengoes and sits down on the mound.",1
124,ESTRAGON:I'd forgotten.,"VLADIMIR:Extraordinary the tricks that memory plays! (Estragon tries to speak, renounces,limps to his place, sits down and begins to take off his boots. To Boy.) Well?",BOY:Mr. Godot—,"VLADIMIR:I've seen you before, haven't I?","VLADIMIR:He's about to speak.Estragon goes over beside Vladimir. Motionless, side by side, they wait.","BOY:I don't know, Sir.",2
125,BOY:No Sir.,VLADIMIR:It wasn't you came yesterday?,BOY:No Sir.,VLADIMIR:This is your first time?,VLADIMIR:What?,BOY:Yes Sir.Silence.,2
126,BOY:(in a rush). Mr. Godot told me to tell you he won't come this evening but surelytomorrow.Silence.,VLADIMIR:Is that all?,BOY:Yes Sir.Silence.,VLADIMIR:You work for Mr. Godot?,BOY:Yes Sir.,ESTRAGON:Don't let's do anything. It's safer.,1
127,"BOY:I mind the goats, Sir.",VLADIMIR:Is he good to you?,BOY:Yes Sir.,VLADIMIR:He doesn't beat you?,POZZO:He's not pleased.,"BOY:No Sir, not me.",2
128,"BOY:He beats my brother, Sir.","VLADIMIR:Ah, you have a brother?",BOY:Yes Sir.,VLADIMIR:What does he do?,ESTRAGON:Ah! That's better.He puts the bones in his pocket.,"BOY:He minds the sheep, Sir.",2
129,"BOY:I don't know, Sir.",VLADIMIR:He must be fond of you.,"BOY:I don't know, Sir.Silence.",VLADIMIR:Does he give you enough to eat? (The Boy hesitates.) Does he feed you well?,ESTRAGON:Quick! (Pozzo gets up and goes over beside Estragon. Estragon points off.) Look!,"BOY:Fairly well, Sir.",2
130,BOY:Yes Sir.VLADIMIR:Well?,"BOY:I don't know, Sir.",VLADIMIR:You don't know if you're unhappy or not?,BOY:No Sir.,VLADIMIR:You're as bad as myself. (Silence.) Where do you sleep?,VLADIMIR:I don't understand.,1
131,VLADIMIR:With your brother?,BOY:Yes Sir.,VLADIMIR:In the hay?,BOY:Yes Sir.Silence.,ESTRAGON:(looking at the neck). I see nothing.,"VLADIMIR:All right, you may go.",2
132,"VLADIMIR:Tell him . . . (he hesitates) . . . tell him you saw us. (Pause.) You did see us, didn'tyou?","BOY:Yes Sir.He steps back, hesitates, turns and exit running. The light suddenly fails. In amoment it is night. The moon rises at back, mounts in the sky, stands still,shedding a pale light on the scene.","VLADIMIR:At last! (Estragon gets up and goes towards Vladimir, a boot in each hand. Heputs them down at edge of stage, straightens and contemplates the moon.) #What are you doing?",ESTRAGON:Pale for weariness.,ESTRAGON:Unforgettable.,VLADIMIR:Eh?,2
133,"VLADIMIR:Your boots, what are you doing with your boots?","ESTRAGON:(turning to look at the boots). I'm leaving them there. (Pause.) Another will come,just as . . . as . . . as me, but with smaller feet, and they'll make him happy.",VLADIMIR:But you can't go barefoot!,ESTRAGON:Christ did.,VLADIMIR:Christ! What has Christ got to do with it. You're not going to compare yourself toChrist!,"VLADIMIR:STOP IT!Exit Vladimir hurriedly. Estragon gets up and follows him as far as the limit ofthe stage. Gestures of Estragon like those of a spectator encouraging a pugilist.Enter Vladimir. He brushes past Estragon, crosses the stage with bowed head.Estragon takes a step towards him, halts.",1
134,"VLADIMIR:But where he lived it was warm, it was dry!",ESTRAGON:Yes. And they crucified quick.Silence.,VLADIMIR:We've nothing more to do here.,ESTRAGON:Nor anywhere else.,VLADIMIR:How do I know? (They close in on him.) Careful!,"VLADIMIR:Ah Gogo, don't go on like that. Tomorrow everything will be better.",2
135,VLADIMIR:Did you not hear what the child said?,ESTRAGON:No.,VLADIMIR:He said that Godot was sure to come tomorrow. (Pause.) What do you say to that?,ESTRAGON:Then all we have to do is to wait on here.,"VLADIMIR:Are you mad? We must take cover. (He takes Estragon by the arm.) Come on.He draws Estragon after him. Estragon yields, then resists. They halt.",ESTRAGON:What is it?,1
136,VLADIMIR:Come on. It's cold.He draws Estragon after him. As before.,ESTRAGON:Remind me to bring a bit of rope tomorrow.,VLADIMIR:Yes. Come on.He draws him after him. As before.,ESTRAGON:How long have we been together all the time now?,VLADIMIR:Let's wait till we know exactly how we stand.,VLADIMIR:I don't know. Fifty years maybe.,2
137,VLADIMIR:We were grape harvesting.,ESTRAGON:You fished me out.,VLADIMIR:That's all dead and buried.,ESTRAGON:My clothes dried in the sun.,VLADIMIR:We'll come back tomorrow.,VLADIMIR:There's no good harking back on that. Come on.He draws him after him. As before.,2
138,VLADIMIR:I'm cold!,"ESTRAGON:Wait! (He moves away from Vladimir.) I sometimes wonder if we wouldn't havebeen better off alone, each one for himself. (He crosses the stage and sits down onthe mound.) We weren't made for the same road.",VLADIMIR:(without anger). It's not certain.,"ESTRAGON:No, nothing is certain.Vladimir slowly crosses the stage and sits down beside Estragon. #",ESTRAGON:Pah! The wind in the reeds.,"VLADIMIR:We can still part, if you think it would be better.",2